{"cameraMode":{"drawMode":0,"name":"Shaded","section":"Shading Mode"},"sceneLighting":true,"audioPlay":false,"sceneViewState":{"m_AlwaysRefresh":false,"showFog":true,"showSkybox":true,"showFlares":true,"showImageEffects":true,"showParticleSystems":true,"showVisualEffectGraphs":true,"m_FxEnabled":true},"in2DMode":false,"pivot":{"x":1116.894287109375,"y":472.66046142578127,"z":133.25070190429688},"rotation":{"x":0.16890902817249299,"y":-0.03104502335190773,"z":0.005331964232027531,"w":0.9851222634315491},"size":291.547607421875,"orthographic":false}