{"cameraMode":{"drawMode":0,"name":"Shaded","section":"Shading Mode"},"sceneLighting":false,"audioPlay":false,"sceneViewState":{"m_AlwaysRefresh":false,"showFog":true,"showSkybox":false,"showFlares":true,"showImageEffects":true,"showParticleSystems":true,"showVisualEffectGraphs":true,"m_FxEnabled":true},"in2DMode":false,"pivot":{"x":3.8540000915527345,"y":1.9347000122070313,"z":0.41039997339248659},"rotation":{"x":0.2899823486804962,"y":0.024398116394877435,"z":-0.007387660909444094,"w":0.9566850662231445},"size":0.7071245908737183,"orthographic":false}